"","X","Accelerator","Company","Funding.roundsize....","Round","Funding.Date","Crunchbase.link","Exited.or.Dead"
"1",1,"Y Combinator","Quartzy","1,200,000","seed","2012-02-23","Details",NA
"2",1,"Y Combinator","Meetings.io","1,600,000","seed","2011-07-10","Details","Exited"
"3",2,"Y Combinator","reMail","","seed","2009-01-01","Details","Exited"
"4",3,"Y Combinator","Pachyderm","2,000,000","seed","2015-06-10","Details",""
"5",4,"Y Combinator","Leftronic","500,000","seed","2010-11-17","Details","Exited"
"6",5,"Y Combinator","CardPool","","seed","2010-01-01","Details","Exited"
"7",6,"Y Combinator","URX","3,100,000","seed","2013-09-01","Details","Exited"
"8",7,"Y Combinator","Tagstand","1,100,000","seed","2011-10-14","Details",""
"9",8,"Y Combinator","GOAT","1,600,000","angel","2011-05-01","Details",""
"10",9,"Y Combinator","Taplytics","2,400,000","seed","2015-05-20","Details",""
"11",10,"Y Combinator","Opzi","1,000,000","angel","2010-09-01","Details","Dead"
"12",11,"Y Combinator","SocialCam","","angel","2012-04-30","Details","Exited"
"13",12,"Y Combinator","280 North","250,000","angel","2008-03-01","Details","Exited"
"14",13,"Imagine K12","Panorama","4,000,000","seed","2013-10-21","Details",""
"15",14,"Y Combinator","Rapportive","1,000,000","seed","2010-08-02","Details","Exited"
"16",15,"Y Combinator","Nowmov","","angel","2010-05-01","Details","Dead"
"17",16,"Y Combinator","Custora","","seed","2012-01-05","Details",""
"18",17,"Y Combinator","CarWoo","300,000","seed","2010-01-01","Details","Dead"
"19",18,"Y Combinator","Ambition","","seed","2014-02-01","Details",""
"20",19,"Y Combinator","Reddit","50,000,000","venture","2014-09-30","Details","Exited"
"21",20,"Y Combinator","Parenthoods","1,320,000","seed","2014-11-06","Details",""
"22",21,"Y Combinator","Auctomatic","400,000","angel","2007-01-01","Details","Exited"
"23",22,"Y Combinator","Tilt","2,100,000","seed","2012-05-17","Details","Exited"
"24",23,"Y Combinator","Panorama Education","4,000,000","seed","2013-10-21","Details",""
"25",24,"Y Combinator","Appjet","700,000","angel","2007-08-01","Details","Exited"
"26",25,"Y Combinator","Volantio","70,000","seed","2009-03-01","Details",""
"27",26,"Y Combinator","Cue","700,000","seed","2010-08-31","Details","Exited"
"28",27,"Y Combinator","Swiftype","1,700,000","seed","2013-08-15","Details",""
"29",28,"Y Combinator","1000Memories","2,520,000","venture","2011-02-16","Details","Exited"
"30",29,"Y Combinator","AeroFS","","seed","2010-08-20","Details",""
"31",30,"Y Combinator","Octopart","359,999","seed","2008-05-12","Details","Exited"
"32",31,"Y Combinator","PicnicHealth","2,000,000","seed","2015-04-02","Details",""
"33",32,"Y Combinator","Sendwithus","2,300,000","seed","2014-09-25","Details",""
"34",1,"Y Combinator","Quartzy","1,200,000","seed","2012-02-23","Details",NA
"35",1,"Y Combinator","Meetings.io","1,600,000","seed","2011-07-10","Details","Exited"
"36",2,"Y Combinator","reMail","","seed","2009-01-01","Details","Exited"
"37",3,"Y Combinator","Pachyderm","2,000,000","seed","2015-06-10","Details",""
"38",4,"Y Combinator","Leftronic","500,000","seed","2010-11-17","Details","Exited"
"39",5,"Y Combinator","CardPool","","seed","2010-01-01","Details","Exited"
"40",6,"Y Combinator","URX","3,100,000","seed","2013-09-01","Details","Exited"
"41",7,"Y Combinator","Tagstand","1,100,000","seed","2011-10-14","Details",""
"42",8,"Y Combinator","GOAT","1,600,000","angel","2011-05-01","Details",""
"43",9,"Y Combinator","Taplytics","2,400,000","seed","2015-05-20","Details",""
"44",10,"Y Combinator","Opzi","1,000,000","angel","2010-09-01","Details","Dead"
"45",11,"Y Combinator","SocialCam","","angel","2012-04-30","Details","Exited"
"46",12,"Y Combinator","280 North","250,000","angel","2008-03-01","Details","Exited"
"47",13,"Imagine K12","Panorama","4,000,000","seed","2013-10-21","Details",""
"48",14,"Y Combinator","Rapportive","1,000,000","seed","2010-08-02","Details","Exited"
"49",15,"Y Combinator","Nowmov","","angel","2010-05-01","Details","Dead"
"50",16,"Y Combinator","Custora","","seed","2012-01-05","Details",""
"51",17,"Y Combinator","CarWoo","300,000","seed","2010-01-01","Details","Dead"
"52",18,"Y Combinator","Ambition","","seed","2014-02-01","Details",""
"53",19,"Y Combinator","Reddit","50,000,000","venture","2014-09-30","Details","Exited"
"54",20,"Y Combinator","Parenthoods","1,320,000","seed","2014-11-06","Details",""
"55",21,"Y Combinator","Auctomatic","400,000","angel","2007-01-01","Details","Exited"
"56",22,"Y Combinator","Tilt","2,100,000","seed","2012-05-17","Details","Exited"
"57",23,"Y Combinator","Panorama Education","4,000,000","seed","2013-10-21","Details",""
"58",24,"Y Combinator","Appjet","700,000","angel","2007-08-01","Details","Exited"
"59",25,"Y Combinator","Volantio","70,000","seed","2009-03-01","Details",""
"60",26,"Y Combinator","Cue","700,000","seed","2010-08-31","Details","Exited"
"61",27,"Y Combinator","Swiftype","1,700,000","seed","2013-08-15","Details",""
"62",28,"Y Combinator","1000Memories","2,520,000","venture","2011-02-16","Details","Exited"
"63",29,"Y Combinator","AeroFS","","seed","2010-08-20","Details",""
"64",30,"Y Combinator","Octopart","359,999","seed","2008-05-12","Details","Exited"
"65",31,"Y Combinator","PicnicHealth","2,000,000","seed","2015-04-02","Details",""
"66",32,"Y Combinator","Sendwithus","2,300,000","seed","2014-09-25","Details",""
"67",1,"Y Combinator","Quartzy","1,200,000","seed","2012-02-23","Details",NA
"68",1,"Y Combinator","Meetings.io","1,600,000","seed","2011-07-10","Details","Exited"
"69",2,"Y Combinator","reMail","","seed","2009-01-01","Details","Exited"
"70",3,"Y Combinator","Pachyderm","2,000,000","seed","2015-06-10","Details",""
"71",4,"Y Combinator","Leftronic","500,000","seed","2010-11-17","Details","Exited"
"72",5,"Y Combinator","CardPool","","seed","2010-01-01","Details","Exited"
"73",6,"Y Combinator","URX","3,100,000","seed","2013-09-01","Details","Exited"
"74",7,"Y Combinator","Tagstand","1,100,000","seed","2011-10-14","Details",""
"75",8,"Y Combinator","GOAT","1,600,000","angel","2011-05-01","Details",""
"76",9,"Y Combinator","Taplytics","2,400,000","seed","2015-05-20","Details",""
"77",10,"Y Combinator","Opzi","1,000,000","angel","2010-09-01","Details","Dead"
"78",11,"Y Combinator","SocialCam","","angel","2012-04-30","Details","Exited"
"79",12,"Y Combinator","280 North","250,000","angel","2008-03-01","Details","Exited"
"80",13,"Imagine K12","Panorama","4,000,000","seed","2013-10-21","Details",""
"81",14,"Y Combinator","Rapportive","1,000,000","seed","2010-08-02","Details","Exited"
"82",15,"Y Combinator","Nowmov","","angel","2010-05-01","Details","Dead"
"83",16,"Y Combinator","Custora","","seed","2012-01-05","Details",""
"84",17,"Y Combinator","CarWoo","300,000","seed","2010-01-01","Details","Dead"
"85",18,"Y Combinator","Ambition","","seed","2014-02-01","Details",""
"86",19,"Y Combinator","Reddit","50,000,000","venture","2014-09-30","Details","Exited"
"87",20,"Y Combinator","Parenthoods","1,320,000","seed","2014-11-06","Details",""
"88",21,"Y Combinator","Auctomatic","400,000","angel","2007-01-01","Details","Exited"
"89",22,"Y Combinator","Tilt","2,100,000","seed","2012-05-17","Details","Exited"
"90",23,"Y Combinator","Panorama Education","4,000,000","seed","2013-10-21","Details",""
"91",24,"Y Combinator","Appjet","700,000","angel","2007-08-01","Details","Exited"
"92",25,"Y Combinator","Volantio","70,000","seed","2009-03-01","Details",""
"93",26,"Y Combinator","Cue","700,000","seed","2010-08-31","Details","Exited"
"94",27,"Y Combinator","Swiftype","1,700,000","seed","2013-08-15","Details",""
"95",28,"Y Combinator","1000Memories","2,520,000","venture","2011-02-16","Details","Exited"
"96",29,"Y Combinator","AeroFS","","seed","2010-08-20","Details",""
"97",30,"Y Combinator","Octopart","359,999","seed","2008-05-12","Details","Exited"
"98",31,"Y Combinator","PicnicHealth","2,000,000","seed","2015-04-02","Details",""
"99",32,"Y Combinator","Sendwithus","2,300,000","seed","2014-09-25","Details",""
"100",1,"Y Combinator","Quartzy","1,200,000","seed","2012-02-23","Details",NA
"101",1,"Y Combinator","Meetings.io","1,600,000","seed","2011-07-10","Details","Exited"
"102",2,"Y Combinator","reMail","","seed","2009-01-01","Details","Exited"
"103",3,"Y Combinator","Pachyderm","2,000,000","seed","2015-06-10","Details",""
"104",4,"Y Combinator","Leftronic","500,000","seed","2010-11-17","Details","Exited"
"105",5,"Y Combinator","CardPool","","seed","2010-01-01","Details","Exited"
"106",6,"Y Combinator","URX","3,100,000","seed","2013-09-01","Details","Exited"
"107",7,"Y Combinator","Tagstand","1,100,000","seed","2011-10-14","Details",""
"108",8,"Y Combinator","GOAT","1,600,000","angel","2011-05-01","Details",""
"109",9,"Y Combinator","Taplytics","2,400,000","seed","2015-05-20","Details",""
"110",10,"Y Combinator","Opzi","1,000,000","angel","2010-09-01","Details","Dead"
"111",11,"Y Combinator","SocialCam","","angel","2012-04-30","Details","Exited"
"112",12,"Y Combinator","280 North","250,000","angel","2008-03-01","Details","Exited"
"113",13,"Imagine K12","Panorama","4,000,000","seed","2013-10-21","Details",""
"114",14,"Y Combinator","Rapportive","1,000,000","seed","2010-08-02","Details","Exited"
"115",15,"Y Combinator","Nowmov","","angel","2010-05-01","Details","Dead"
"116",16,"Y Combinator","Custora","","seed","2012-01-05","Details",""
"117",17,"Y Combinator","CarWoo","300,000","seed","2010-01-01","Details","Dead"
"118",18,"Y Combinator","Ambition","","seed","2014-02-01","Details",""
"119",19,"Y Combinator","Reddit","50,000,000","venture","2014-09-30","Details","Exited"
"120",20,"Y Combinator","Parenthoods","1,320,000","seed","2014-11-06","Details",""
"121",21,"Y Combinator","Auctomatic","400,000","angel","2007-01-01","Details","Exited"
"122",22,"Y Combinator","Tilt","2,100,000","seed","2012-05-17","Details","Exited"
"123",23,"Y Combinator","Panorama Education","4,000,000","seed","2013-10-21","Details",""
"124",24,"Y Combinator","Appjet","700,000","angel","2007-08-01","Details","Exited"
"125",25,"Y Combinator","Volantio","70,000","seed","2009-03-01","Details",""
"126",26,"Y Combinator","Cue","700,000","seed","2010-08-31","Details","Exited"
"127",27,"Y Combinator","Swiftype","1,700,000","seed","2013-08-15","Details",""
"128",28,"Y Combinator","1000Memories","2,520,000","venture","2011-02-16","Details","Exited"
"129",29,"Y Combinator","AeroFS","","seed","2010-08-20","Details",""
"130",30,"Y Combinator","Octopart","359,999","seed","2008-05-12","Details","Exited"
"131",31,"Y Combinator","PicnicHealth","2,000,000","seed","2015-04-02","Details",""
"132",32,"Y Combinator","Sendwithus","2,300,000","seed","2014-09-25","Details",""
"133",1,"Y Combinator","Quartzy","1,200,000","seed","2012-02-23","Details",NA
"134",1,"Y Combinator","Meetings.io","1,600,000","seed","2011-07-10","Details","Exited"
"135",2,"Y Combinator","reMail","","seed","2009-01-01","Details","Exited"
"136",3,"Y Combinator","Pachyderm","2,000,000","seed","2015-06-10","Details",""
"137",4,"Y Combinator","Leftronic","500,000","seed","2010-11-17","Details","Exited"
"138",5,"Y Combinator","CardPool","","seed","2010-01-01","Details","Exited"
"139",6,"Y Combinator","URX","3,100,000","seed","2013-09-01","Details","Exited"
"140",7,"Y Combinator","Tagstand","1,100,000","seed","2011-10-14","Details",""
"141",8,"Y Combinator","GOAT","1,600,000","angel","2011-05-01","Details",""
"142",9,"Y Combinator","Taplytics","2,400,000","seed","2015-05-20","Details",""
"143",10,"Y Combinator","Opzi","1,000,000","angel","2010-09-01","Details","Dead"
"144",11,"Y Combinator","SocialCam","","angel","2012-04-30","Details","Exited"
"145",12,"Y Combinator","280 North","250,000","angel","2008-03-01","Details","Exited"
"146",13,"Imagine K12","Panorama","4,000,000","seed","2013-10-21","Details",""
"147",14,"Y Combinator","Rapportive","1,000,000","seed","2010-08-02","Details","Exited"
"148",15,"Y Combinator","Nowmov","","angel","2010-05-01","Details","Dead"
"149",16,"Y Combinator","Custora","","seed","2012-01-05","Details",""
"150",17,"Y Combinator","CarWoo","300,000","seed","2010-01-01","Details","Dead"
"151",18,"Y Combinator","Ambition","","seed","2014-02-01","Details",""
"152",19,"Y Combinator","Reddit","50,000,000","venture","2014-09-30","Details","Exited"
"153",20,"Y Combinator","Parenthoods","1,320,000","seed","2014-11-06","Details",""
"154",21,"Y Combinator","Auctomatic","400,000","angel","2007-01-01","Details","Exited"
"155",22,"Y Combinator","Tilt","2,100,000","seed","2012-05-17","Details","Exited"
"156",23,"Y Combinator","Panorama Education","4,000,000","seed","2013-10-21","Details",""
"157",24,"Y Combinator","Appjet","700,000","angel","2007-08-01","Details","Exited"
"158",25,"Y Combinator","Volantio","70,000","seed","2009-03-01","Details",""
"159",26,"Y Combinator","Cue","700,000","seed","2010-08-31","Details","Exited"
"160",27,"Y Combinator","Swiftype","1,700,000","seed","2013-08-15","Details",""
"161",28,"Y Combinator","1000Memories","2,520,000","venture","2011-02-16","Details","Exited"
"162",29,"Y Combinator","AeroFS","","seed","2010-08-20","Details",""
"163",30,"Y Combinator","Octopart","359,999","seed","2008-05-12","Details","Exited"
"164",31,"Y Combinator","PicnicHealth","2,000,000","seed","2015-04-02","Details",""
"165",32,"Y Combinator","Sendwithus","2,300,000","seed","2014-09-25","Details",""
"166",1,"Y Combinator","Quartzy","1,200,000","seed","2012-02-23","Details",NA
"167",1,"Y Combinator","Meetings.io","1,600,000","seed","2011-07-10","Details","Exited"
"168",2,"Y Combinator","reMail","","seed","2009-01-01","Details","Exited"
"169",3,"Y Combinator","Pachyderm","2,000,000","seed","2015-06-10","Details",""
"170",4,"Y Combinator","Leftronic","500,000","seed","2010-11-17","Details","Exited"
"171",5,"Y Combinator","CardPool","","seed","2010-01-01","Details","Exited"
"172",6,"Y Combinator","URX","3,100,000","seed","2013-09-01","Details","Exited"
"173",7,"Y Combinator","Tagstand","1,100,000","seed","2011-10-14","Details",""
"174",8,"Y Combinator","GOAT","1,600,000","angel","2011-05-01","Details",""
"175",9,"Y Combinator","Taplytics","2,400,000","seed","2015-05-20","Details",""
"176",10,"Y Combinator","Opzi","1,000,000","angel","2010-09-01","Details","Dead"
"177",11,"Y Combinator","SocialCam","","angel","2012-04-30","Details","Exited"
"178",12,"Y Combinator","280 North","250,000","angel","2008-03-01","Details","Exited"
"179",13,"Imagine K12","Panorama","4,000,000","seed","2013-10-21","Details",""
"180",14,"Y Combinator","Rapportive","1,000,000","seed","2010-08-02","Details","Exited"
"181",15,"Y Combinator","Nowmov","","angel","2010-05-01","Details","Dead"
"182",16,"Y Combinator","Custora","","seed","2012-01-05","Details",""
"183",17,"Y Combinator","CarWoo","300,000","seed","2010-01-01","Details","Dead"
"184",18,"Y Combinator","Ambition","","seed","2014-02-01","Details",""
"185",19,"Y Combinator","Reddit","50,000,000","venture","2014-09-30","Details","Exited"
"186",20,"Y Combinator","Parenthoods","1,320,000","seed","2014-11-06","Details",""
"187",21,"Y Combinator","Auctomatic","400,000","angel","2007-01-01","Details","Exited"
"188",22,"Y Combinator","Tilt","2,100,000","seed","2012-05-17","Details","Exited"
"189",23,"Y Combinator","Panorama Education","4,000,000","seed","2013-10-21","Details",""
"190",24,"Y Combinator","Appjet","700,000","angel","2007-08-01","Details","Exited"
"191",25,"Y Combinator","Volantio","70,000","seed","2009-03-01","Details",""
"192",26,"Y Combinator","Cue","700,000","seed","2010-08-31","Details","Exited"
"193",27,"Y Combinator","Swiftype","1,700,000","seed","2013-08-15","Details",""
"194",28,"Y Combinator","1000Memories","2,520,000","venture","2011-02-16","Details","Exited"
"195",29,"Y Combinator","AeroFS","","seed","2010-08-20","Details",""
"196",30,"Y Combinator","Octopart","359,999","seed","2008-05-12","Details","Exited"
"197",31,"Y Combinator","PicnicHealth","2,000,000","seed","2015-04-02","Details",""
"198",32,"Y Combinator","Sendwithus","2,300,000","seed","2014-09-25","Details",""
"199",1,"Y Combinator","Quartzy","1,200,000","seed","2012-02-23","Details",NA
"200",1,"Y Combinator","Meetings.io","1,600,000","seed","2011-07-10","Details","Exited"
"201",2,"Y Combinator","reMail","","seed","2009-01-01","Details","Exited"
"202",3,"Y Combinator","Pachyderm","2,000,000","seed","2015-06-10","Details",""
"203",4,"Y Combinator","Leftronic","500,000","seed","2010-11-17","Details","Exited"
"204",5,"Y Combinator","CardPool","","seed","2010-01-01","Details","Exited"
"205",6,"Y Combinator","URX","3,100,000","seed","2013-09-01","Details","Exited"
"206",7,"Y Combinator","Tagstand","1,100,000","seed","2011-10-14","Details",""
"207",8,"Y Combinator","GOAT","1,600,000","angel","2011-05-01","Details",""
"208",9,"Y Combinator","Taplytics","2,400,000","seed","2015-05-20","Details",""
"209",10,"Y Combinator","Opzi","1,000,000","angel","2010-09-01","Details","Dead"
"210",11,"Y Combinator","SocialCam","","angel","2012-04-30","Details","Exited"
"211",12,"Y Combinator","280 North","250,000","angel","2008-03-01","Details","Exited"
"212",13,"Imagine K12","Panorama","4,000,000","seed","2013-10-21","Details",""
"213",14,"Y Combinator","Rapportive","1,000,000","seed","2010-08-02","Details","Exited"
"214",15,"Y Combinator","Nowmov","","angel","2010-05-01","Details","Dead"
"215",16,"Y Combinator","Custora","","seed","2012-01-05","Details",""
"216",17,"Y Combinator","CarWoo","300,000","seed","2010-01-01","Details","Dead"
"217",18,"Y Combinator","Ambition","","seed","2014-02-01","Details",""
"218",19,"Y Combinator","Reddit","50,000,000","venture","2014-09-30","Details","Exited"
"219",20,"Y Combinator","Parenthoods","1,320,000","seed","2014-11-06","Details",""
"220",21,"Y Combinator","Auctomatic","400,000","angel","2007-01-01","Details","Exited"
"221",22,"Y Combinator","Tilt","2,100,000","seed","2012-05-17","Details","Exited"
"222",23,"Y Combinator","Panorama Education","4,000,000","seed","2013-10-21","Details",""
"223",24,"Y Combinator","Appjet","700,000","angel","2007-08-01","Details","Exited"
"224",25,"Y Combinator","Volantio","70,000","seed","2009-03-01","Details",""
"225",26,"Y Combinator","Cue","700,000","seed","2010-08-31","Details","Exited"
"226",27,"Y Combinator","Swiftype","1,700,000","seed","2013-08-15","Details",""
"227",28,"Y Combinator","1000Memories","2,520,000","venture","2011-02-16","Details","Exited"
"228",29,"Y Combinator","AeroFS","","seed","2010-08-20","Details",""
"229",30,"Y Combinator","Octopart","359,999","seed","2008-05-12","Details","Exited"
"230",31,"Y Combinator","PicnicHealth","2,000,000","seed","2015-04-02","Details",""
"231",32,"Y Combinator","Sendwithus","2,300,000","seed","2014-09-25","Details",""
"232",1,"Y Combinator","Quartzy","1,200,000","seed","2012-02-23","Details",NA
"233",1,"Y Combinator","Meetings.io","1,600,000","seed","2011-07-10","Details","Exited"
"234",2,"Y Combinator","reMail","","seed","2009-01-01","Details","Exited"
"235",3,"Y Combinator","Pachyderm","2,000,000","seed","2015-06-10","Details",""
"236",4,"Y Combinator","Leftronic","500,000","seed","2010-11-17","Details","Exited"
"237",5,"Y Combinator","CardPool","","seed","2010-01-01","Details","Exited"
"238",6,"Y Combinator","URX","3,100,000","seed","2013-09-01","Details","Exited"
"239",7,"Y Combinator","Tagstand","1,100,000","seed","2011-10-14","Details",""
"240",8,"Y Combinator","GOAT","1,600,000","angel","2011-05-01","Details",""
"241",9,"Y Combinator","Taplytics","2,400,000","seed","2015-05-20","Details",""
"242",10,"Y Combinator","Opzi","1,000,000","angel","2010-09-01","Details","Dead"
"243",11,"Y Combinator","SocialCam","","angel","2012-04-30","Details","Exited"
"244",12,"Y Combinator","280 North","250,000","angel","2008-03-01","Details","Exited"
"245",13,"Imagine K12","Panorama","4,000,000","seed","2013-10-21","Details",""
"246",14,"Y Combinator","Rapportive","1,000,000","seed","2010-08-02","Details","Exited"
"247",15,"Y Combinator","Nowmov","","angel","2010-05-01","Details","Dead"
"248",16,"Y Combinator","Custora","","seed","2012-01-05","Details",""
"249",17,"Y Combinator","CarWoo","300,000","seed","2010-01-01","Details","Dead"
"250",18,"Y Combinator","Ambition","","seed","2014-02-01","Details",""
"251",19,"Y Combinator","Reddit","50,000,000","venture","2014-09-30","Details","Exited"
"252",20,"Y Combinator","Parenthoods","1,320,000","seed","2014-11-06","Details",""
"253",21,"Y Combinator","Auctomatic","400,000","angel","2007-01-01","Details","Exited"
"254",22,"Y Combinator","Tilt","2,100,000","seed","2012-05-17","Details","Exited"
"255",23,"Y Combinator","Panorama Education","4,000,000","seed","2013-10-21","Details",""
"256",24,"Y Combinator","Appjet","700,000","angel","2007-08-01","Details","Exited"
"257",25,"Y Combinator","Volantio","70,000","seed","2009-03-01","Details",""
"258",26,"Y Combinator","Cue","700,000","seed","2010-08-31","Details","Exited"
"259",27,"Y Combinator","Swiftype","1,700,000","seed","2013-08-15","Details",""
"260",28,"Y Combinator","1000Memories","2,520,000","venture","2011-02-16","Details","Exited"
"261",29,"Y Combinator","AeroFS","","seed","2010-08-20","Details",""
"262",30,"Y Combinator","Octopart","359,999","seed","2008-05-12","Details","Exited"
"263",31,"Y Combinator","PicnicHealth","2,000,000","seed","2015-04-02","Details",""
"264",32,"Y Combinator","Sendwithus","2,300,000","seed","2014-09-25","Details",""
"265",1,"Y Combinator","Quartzy","1,200,000","seed","2012-02-23","Details",NA
"266",1,"Y Combinator","Meetings.io","1,600,000","seed","2011-07-10","Details","Exited"
"267",2,"Y Combinator","reMail","","seed","2009-01-01","Details","Exited"
"268",3,"Y Combinator","Pachyderm","2,000,000","seed","2015-06-10","Details",""
"269",4,"Y Combinator","Leftronic","500,000","seed","2010-11-17","Details","Exited"
"270",5,"Y Combinator","CardPool","","seed","2010-01-01","Details","Exited"
"271",6,"Y Combinator","URX","3,100,000","seed","2013-09-01","Details","Exited"
"272",7,"Y Combinator","Tagstand","1,100,000","seed","2011-10-14","Details",""
"273",8,"Y Combinator","GOAT","1,600,000","angel","2011-05-01","Details",""
"274",9,"Y Combinator","Taplytics","2,400,000","seed","2015-05-20","Details",""
"275",10,"Y Combinator","Opzi","1,000,000","angel","2010-09-01","Details","Dead"
"276",11,"Y Combinator","SocialCam","","angel","2012-04-30","Details","Exited"
"277",12,"Y Combinator","280 North","250,000","angel","2008-03-01","Details","Exited"
"278",13,"Imagine K12","Panorama","4,000,000","seed","2013-10-21","Details",""
"279",14,"Y Combinator","Rapportive","1,000,000","seed","2010-08-02","Details","Exited"
"280",15,"Y Combinator","Nowmov","","angel","2010-05-01","Details","Dead"
"281",16,"Y Combinator","Custora","","seed","2012-01-05","Details",""
"282",17,"Y Combinator","CarWoo","300,000","seed","2010-01-01","Details","Dead"
"283",18,"Y Combinator","Ambition","","seed","2014-02-01","Details",""
"284",19,"Y Combinator","Reddit","50,000,000","venture","2014-09-30","Details","Exited"
"285",20,"Y Combinator","Parenthoods","1,320,000","seed","2014-11-06","Details",""
"286",21,"Y Combinator","Auctomatic","400,000","angel","2007-01-01","Details","Exited"
"287",22,"Y Combinator","Tilt","2,100,000","seed","2012-05-17","Details","Exited"
"288",23,"Y Combinator","Panorama Education","4,000,000","seed","2013-10-21","Details",""
"289",24,"Y Combinator","Appjet","700,000","angel","2007-08-01","Details","Exited"
"290",25,"Y Combinator","Volantio","70,000","seed","2009-03-01","Details",""
"291",26,"Y Combinator","Cue","700,000","seed","2010-08-31","Details","Exited"
"292",27,"Y Combinator","Swiftype","1,700,000","seed","2013-08-15","Details",""
"293",28,"Y Combinator","1000Memories","2,520,000","venture","2011-02-16","Details","Exited"
"294",29,"Y Combinator","AeroFS","","seed","2010-08-20","Details",""
"295",30,"Y Combinator","Octopart","359,999","seed","2008-05-12","Details","Exited"
"296",31,"Y Combinator","PicnicHealth","2,000,000","seed","2015-04-02","Details",""
"297",32,"Y Combinator","Sendwithus","2,300,000","seed","2014-09-25","Details",""
"298",1,"Y Combinator","Quartzy","1,200,000","seed","2012-02-23","Details",NA
"299",1,"Y Combinator","Meetings.io","1,600,000","seed","2011-07-10","Details","Exited"
"300",2,"Y Combinator","reMail","","seed","2009-01-01","Details","Exited"
"301",3,"Y Combinator","Pachyderm","2,000,000","seed","2015-06-10","Details",""
"302",4,"Y Combinator","Leftronic","500,000","seed","2010-11-17","Details","Exited"
"303",5,"Y Combinator","CardPool","","seed","2010-01-01","Details","Exited"
"304",6,"Y Combinator","URX","3,100,000","seed","2013-09-01","Details","Exited"
"305",7,"Y Combinator","Tagstand","1,100,000","seed","2011-10-14","Details",""
"306",8,"Y Combinator","GOAT","1,600,000","angel","2011-05-01","Details",""
"307",9,"Y Combinator","Taplytics","2,400,000","seed","2015-05-20","Details",""
"308",10,"Y Combinator","Opzi","1,000,000","angel","2010-09-01","Details","Dead"
"309",11,"Y Combinator","SocialCam","","angel","2012-04-30","Details","Exited"
"310",12,"Y Combinator","280 North","250,000","angel","2008-03-01","Details","Exited"
"311",13,"Imagine K12","Panorama","4,000,000","seed","2013-10-21","Details",""
"312",14,"Y Combinator","Rapportive","1,000,000","seed","2010-08-02","Details","Exited"
"313",15,"Y Combinator","Nowmov","","angel","2010-05-01","Details","Dead"
"314",16,"Y Combinator","Custora","","seed","2012-01-05","Details",""
"315",17,"Y Combinator","CarWoo","300,000","seed","2010-01-01","Details","Dead"
"316",18,"Y Combinator","Ambition","","seed","2014-02-01","Details",""
"317",19,"Y Combinator","Reddit","50,000,000","venture","2014-09-30","Details","Exited"
"318",20,"Y Combinator","Parenthoods","1,320,000","seed","2014-11-06","Details",""
"319",21,"Y Combinator","Auctomatic","400,000","angel","2007-01-01","Details","Exited"
"320",22,"Y Combinator","Tilt","2,100,000","seed","2012-05-17","Details","Exited"
"321",23,"Y Combinator","Panorama Education","4,000,000","seed","2013-10-21","Details",""
"322",24,"Y Combinator","Appjet","700,000","angel","2007-08-01","Details","Exited"
"323",25,"Y Combinator","Volantio","70,000","seed","2009-03-01","Details",""
"324",26,"Y Combinator","Cue","700,000","seed","2010-08-31","Details","Exited"
"325",27,"Y Combinator","Swiftype","1,700,000","seed","2013-08-15","Details",""
"326",28,"Y Combinator","1000Memories","2,520,000","venture","2011-02-16","Details","Exited"
"327",29,"Y Combinator","AeroFS","","seed","2010-08-20","Details",""
"328",30,"Y Combinator","Octopart","359,999","seed","2008-05-12","Details","Exited"
"329",31,"Y Combinator","PicnicHealth","2,000,000","seed","2015-04-02","Details",""
"330",32,"Y Combinator","Sendwithus","2,300,000","seed","2014-09-25","Details",""
"331",1,"Y Combinator","Quartzy","1,200,000","seed","2012-02-23","Details",NA
"332",1,"Y Combinator","Meetings.io","1,600,000","seed","2011-07-10","Details","Exited"
"333",2,"Y Combinator","reMail","","seed","2009-01-01","Details","Exited"
"334",3,"Y Combinator","Pachyderm","2,000,000","seed","2015-06-10","Details",""
"335",4,"Y Combinator","Leftronic","500,000","seed","2010-11-17","Details","Exited"
"336",5,"Y Combinator","CardPool","","seed","2010-01-01","Details","Exited"
"337",6,"Y Combinator","URX","3,100,000","seed","2013-09-01","Details","Exited"
"338",7,"Y Combinator","Tagstand","1,100,000","seed","2011-10-14","Details",""
"339",8,"Y Combinator","GOAT","1,600,000","angel","2011-05-01","Details",""
"340",9,"Y Combinator","Taplytics","2,400,000","seed","2015-05-20","Details",""
"341",10,"Y Combinator","Opzi","1,000,000","angel","2010-09-01","Details","Dead"
"342",11,"Y Combinator","SocialCam","","angel","2012-04-30","Details","Exited"
"343",12,"Y Combinator","280 North","250,000","angel","2008-03-01","Details","Exited"
"344",13,"Imagine K12","Panorama","4,000,000","seed","2013-10-21","Details",""
"345",14,"Y Combinator","Rapportive","1,000,000","seed","2010-08-02","Details","Exited"
"346",15,"Y Combinator","Nowmov","","angel","2010-05-01","Details","Dead"
"347",16,"Y Combinator","Custora","","seed","2012-01-05","Details",""
"348",17,"Y Combinator","CarWoo","300,000","seed","2010-01-01","Details","Dead"
"349",18,"Y Combinator","Ambition","","seed","2014-02-01","Details",""
"350",19,"Y Combinator","Reddit","50,000,000","venture","2014-09-30","Details","Exited"
"351",20,"Y Combinator","Parenthoods","1,320,000","seed","2014-11-06","Details",""
"352",21,"Y Combinator","Auctomatic","400,000","angel","2007-01-01","Details","Exited"
"353",22,"Y Combinator","Tilt","2,100,000","seed","2012-05-17","Details","Exited"
"354",23,"Y Combinator","Panorama Education","4,000,000","seed","2013-10-21","Details",""
"355",24,"Y Combinator","Appjet","700,000","angel","2007-08-01","Details","Exited"
"356",25,"Y Combinator","Volantio","70,000","seed","2009-03-01","Details",""
"357",26,"Y Combinator","Cue","700,000","seed","2010-08-31","Details","Exited"
"358",27,"Y Combinator","Swiftype","1,700,000","seed","2013-08-15","Details",""
"359",28,"Y Combinator","1000Memories","2,520,000","venture","2011-02-16","Details","Exited"
"360",29,"Y Combinator","AeroFS","","seed","2010-08-20","Details",""
"361",30,"Y Combinator","Octopart","359,999","seed","2008-05-12","Details","Exited"
"362",31,"Y Combinator","PicnicHealth","2,000,000","seed","2015-04-02","Details",""
"363",32,"Y Combinator","Sendwithus","2,300,000","seed","2014-09-25","Details",""
"364",1,"Y Combinator","Quartzy","1,200,000","seed","2012-02-23","Details",NA
"365",1,"Y Combinator","Meetings.io","1,600,000","seed","2011-07-10","Details","Exited"
"366",2,"Y Combinator","reMail","","seed","2009-01-01","Details","Exited"
"367",3,"Y Combinator","Pachyderm","2,000,000","seed","2015-06-10","Details",""
"368",4,"Y Combinator","Leftronic","500,000","seed","2010-11-17","Details","Exited"
"369",5,"Y Combinator","CardPool","","seed","2010-01-01","Details","Exited"
"370",6,"Y Combinator","URX","3,100,000","seed","2013-09-01","Details","Exited"
"371",7,"Y Combinator","Tagstand","1,100,000","seed","2011-10-14","Details",""
"372",8,"Y Combinator","GOAT","1,600,000","angel","2011-05-01","Details",""
"373",9,"Y Combinator","Taplytics","2,400,000","seed","2015-05-20","Details",""
"374",10,"Y Combinator","Opzi","1,000,000","angel","2010-09-01","Details","Dead"
"375",11,"Y Combinator","SocialCam","","angel","2012-04-30","Details","Exited"
"376",12,"Y Combinator","280 North","250,000","angel","2008-03-01","Details","Exited"
"377",13,"Imagine K12","Panorama","4,000,000","seed","2013-10-21","Details",""
"378",14,"Y Combinator","Rapportive","1,000,000","seed","2010-08-02","Details","Exited"
"379",15,"Y Combinator","Nowmov","","angel","2010-05-01","Details","Dead"
"380",16,"Y Combinator","Custora","","seed","2012-01-05","Details",""
"381",17,"Y Combinator","CarWoo","300,000","seed","2010-01-01","Details","Dead"
"382",18,"Y Combinator","Ambition","","seed","2014-02-01","Details",""
"383",19,"Y Combinator","Reddit","50,000,000","venture","2014-09-30","Details","Exited"
"384",20,"Y Combinator","Parenthoods","1,320,000","seed","2014-11-06","Details",""
"385",21,"Y Combinator","Auctomatic","400,000","angel","2007-01-01","Details","Exited"
"386",22,"Y Combinator","Tilt","2,100,000","seed","2012-05-17","Details","Exited"
"387",23,"Y Combinator","Panorama Education","4,000,000","seed","2013-10-21","Details",""
"388",24,"Y Combinator","Appjet","700,000","angel","2007-08-01","Details","Exited"
"389",25,"Y Combinator","Volantio","70,000","seed","2009-03-01","Details",""
"390",26,"Y Combinator","Cue","700,000","seed","2010-08-31","Details","Exited"
"391",27,"Y Combinator","Swiftype","1,700,000","seed","2013-08-15","Details",""
"392",28,"Y Combinator","1000Memories","2,520,000","venture","2011-02-16","Details","Exited"
"393",29,"Y Combinator","AeroFS","","seed","2010-08-20","Details",""
"394",30,"Y Combinator","Octopart","359,999","seed","2008-05-12","Details","Exited"
"395",31,"Y Combinator","PicnicHealth","2,000,000","seed","2015-04-02","Details",""
"396",32,"Y Combinator","Sendwithus","2,300,000","seed","2014-09-25","Details",""
"397",1,"Y Combinator","Quartzy","1,200,000","seed","2012-02-23","Details",NA
"398",1,"Y Combinator","Meetings.io","1,600,000","seed","2011-07-10","Details","Exited"
"399",2,"Y Combinator","reMail","","seed","2009-01-01","Details","Exited"
"400",3,"Y Combinator","Pachyderm","2,000,000","seed","2015-06-10","Details",""
"401",4,"Y Combinator","Leftronic","500,000","seed","2010-11-17","Details","Exited"
"402",5,"Y Combinator","CardPool","","seed","2010-01-01","Details","Exited"
"403",6,"Y Combinator","URX","3,100,000","seed","2013-09-01","Details","Exited"
"404",7,"Y Combinator","Tagstand","1,100,000","seed","2011-10-14","Details",""
"405",8,"Y Combinator","GOAT","1,600,000","angel","2011-05-01","Details",""
"406",9,"Y Combinator","Taplytics","2,400,000","seed","2015-05-20","Details",""
"407",10,"Y Combinator","Opzi","1,000,000","angel","2010-09-01","Details","Dead"
"408",11,"Y Combinator","SocialCam","","angel","2012-04-30","Details","Exited"
"409",12,"Y Combinator","280 North","250,000","angel","2008-03-01","Details","Exited"
"410",13,"Imagine K12","Panorama","4,000,000","seed","2013-10-21","Details",""
"411",14,"Y Combinator","Rapportive","1,000,000","seed","2010-08-02","Details","Exited"
"412",15,"Y Combinator","Nowmov","","angel","2010-05-01","Details","Dead"
"413",16,"Y Combinator","Custora","","seed","2012-01-05","Details",""
"414",17,"Y Combinator","CarWoo","300,000","seed","2010-01-01","Details","Dead"
"415",18,"Y Combinator","Ambition","","seed","2014-02-01","Details",""
"416",19,"Y Combinator","Reddit","50,000,000","venture","2014-09-30","Details","Exited"
"417",20,"Y Combinator","Parenthoods","1,320,000","seed","2014-11-06","Details",""
"418",21,"Y Combinator","Auctomatic","400,000","angel","2007-01-01","Details","Exited"
"419",22,"Y Combinator","Tilt","2,100,000","seed","2012-05-17","Details","Exited"
"420",23,"Y Combinator","Panorama Education","4,000,000","seed","2013-10-21","Details",""
"421",24,"Y Combinator","Appjet","700,000","angel","2007-08-01","Details","Exited"
"422",25,"Y Combinator","Volantio","70,000","seed","2009-03-01","Details",""
"423",26,"Y Combinator","Cue","700,000","seed","2010-08-31","Details","Exited"
"424",27,"Y Combinator","Swiftype","1,700,000","seed","2013-08-15","Details",""
"425",28,"Y Combinator","1000Memories","2,520,000","venture","2011-02-16","Details","Exited"
"426",29,"Y Combinator","AeroFS","","seed","2010-08-20","Details",""
"427",30,"Y Combinator","Octopart","359,999","seed","2008-05-12","Details","Exited"
"428",31,"Y Combinator","PicnicHealth","2,000,000","seed","2015-04-02","Details",""
"429",32,"Y Combinator","Sendwithus","2,300,000","seed","2014-09-25","Details",""
"430",1,"Y Combinator","Quartzy","1,200,000","seed","2012-02-23","Details",NA
"431",1,"Y Combinator","Meetings.io","1,600,000","seed","2011-07-10","Details","Exited"
"432",2,"Y Combinator","reMail","","seed","2009-01-01","Details","Exited"
"433",3,"Y Combinator","Pachyderm","2,000,000","seed","2015-06-10","Details",""
"434",4,"Y Combinator","Leftronic","500,000","seed","2010-11-17","Details","Exited"
"435",5,"Y Combinator","CardPool","","seed","2010-01-01","Details","Exited"
"436",6,"Y Combinator","URX","3,100,000","seed","2013-09-01","Details","Exited"
"437",7,"Y Combinator","Tagstand","1,100,000","seed","2011-10-14","Details",""
"438",8,"Y Combinator","GOAT","1,600,000","angel","2011-05-01","Details",""
"439",9,"Y Combinator","Taplytics","2,400,000","seed","2015-05-20","Details",""
"440",10,"Y Combinator","Opzi","1,000,000","angel","2010-09-01","Details","Dead"
"441",11,"Y Combinator","SocialCam","","angel","2012-04-30","Details","Exited"
"442",12,"Y Combinator","280 North","250,000","angel","2008-03-01","Details","Exited"
"443",13,"Imagine K12","Panorama","4,000,000","seed","2013-10-21","Details",""
"444",14,"Y Combinator","Rapportive","1,000,000","seed","2010-08-02","Details","Exited"
"445",15,"Y Combinator","Nowmov","","angel","2010-05-01","Details","Dead"
"446",16,"Y Combinator","Custora","","seed","2012-01-05","Details",""
"447",17,"Y Combinator","CarWoo","300,000","seed","2010-01-01","Details","Dead"
"448",18,"Y Combinator","Ambition","","seed","2014-02-01","Details",""
"449",19,"Y Combinator","Reddit","50,000,000","venture","2014-09-30","Details","Exited"
"450",20,"Y Combinator","Parenthoods","1,320,000","seed","2014-11-06","Details",""
"451",21,"Y Combinator","Auctomatic","400,000","angel","2007-01-01","Details","Exited"
"452",22,"Y Combinator","Tilt","2,100,000","seed","2012-05-17","Details","Exited"
"453",23,"Y Combinator","Panorama Education","4,000,000","seed","2013-10-21","Details",""
"454",24,"Y Combinator","Appjet","700,000","angel","2007-08-01","Details","Exited"
"455",25,"Y Combinator","Volantio","70,000","seed","2009-03-01","Details",""
"456",26,"Y Combinator","Cue","700,000","seed","2010-08-31","Details","Exited"
"457",27,"Y Combinator","Swiftype","1,700,000","seed","2013-08-15","Details",""
"458",28,"Y Combinator","1000Memories","2,520,000","venture","2011-02-16","Details","Exited"
"459",29,"Y Combinator","AeroFS","","seed","2010-08-20","Details",""
"460",30,"Y Combinator","Octopart","359,999","seed","2008-05-12","Details","Exited"
"461",31,"Y Combinator","PicnicHealth","2,000,000","seed","2015-04-02","Details",""
"462",32,"Y Combinator","Sendwithus","2,300,000","seed","2014-09-25","Details",""
"463",1,"Y Combinator","Quartzy","1,200,000","seed","2012-02-23","Details",NA
"464",1,"Y Combinator","Meetings.io","1,600,000","seed","2011-07-10","Details","Exited"
"465",2,"Y Combinator","reMail","","seed","2009-01-01","Details","Exited"
"466",3,"Y Combinator","Pachyderm","2,000,000","seed","2015-06-10","Details",""
"467",4,"Y Combinator","Leftronic","500,000","seed","2010-11-17","Details","Exited"
"468",5,"Y Combinator","CardPool","","seed","2010-01-01","Details","Exited"
"469",6,"Y Combinator","URX","3,100,000","seed","2013-09-01","Details","Exited"
"470",7,"Y Combinator","Tagstand","1,100,000","seed","2011-10-14","Details",""
"471",8,"Y Combinator","GOAT","1,600,000","angel","2011-05-01","Details",""
"472",9,"Y Combinator","Taplytics","2,400,000","seed","2015-05-20","Details",""
"473",10,"Y Combinator","Opzi","1,000,000","angel","2010-09-01","Details","Dead"
"474",11,"Y Combinator","SocialCam","","angel","2012-04-30","Details","Exited"
"475",12,"Y Combinator","280 North","250,000","angel","2008-03-01","Details","Exited"
"476",13,"Imagine K12","Panorama","4,000,000","seed","2013-10-21","Details",""
"477",14,"Y Combinator","Rapportive","1,000,000","seed","2010-08-02","Details","Exited"
"478",15,"Y Combinator","Nowmov","","angel","2010-05-01","Details","Dead"
"479",16,"Y Combinator","Custora","","seed","2012-01-05","Details",""
"480",17,"Y Combinator","CarWoo","300,000","seed","2010-01-01","Details","Dead"
"481",18,"Y Combinator","Ambition","","seed","2014-02-01","Details",""
"482",19,"Y Combinator","Reddit","50,000,000","venture","2014-09-30","Details","Exited"
"483",20,"Y Combinator","Parenthoods","1,320,000","seed","2014-11-06","Details",""
"484",21,"Y Combinator","Auctomatic","400,000","angel","2007-01-01","Details","Exited"
"485",22,"Y Combinator","Tilt","2,100,000","seed","2012-05-17","Details","Exited"
"486",23,"Y Combinator","Panorama Education","4,000,000","seed","2013-10-21","Details",""
"487",24,"Y Combinator","Appjet","700,000","angel","2007-08-01","Details","Exited"
"488",25,"Y Combinator","Volantio","70,000","seed","2009-03-01","Details",""
"489",26,"Y Combinator","Cue","700,000","seed","2010-08-31","Details","Exited"
"490",27,"Y Combinator","Swiftype","1,700,000","seed","2013-08-15","Details",""
"491",28,"Y Combinator","1000Memories","2,520,000","venture","2011-02-16","Details","Exited"
"492",29,"Y Combinator","AeroFS","","seed","2010-08-20","Details",""
"493",30,"Y Combinator","Octopart","359,999","seed","2008-05-12","Details","Exited"
"494",31,"Y Combinator","PicnicHealth","2,000,000","seed","2015-04-02","Details",""
"495",32,"Y Combinator","Sendwithus","2,300,000","seed","2014-09-25","Details",""
"496",1,"Y Combinator","Quartzy","1,200,000","seed","2012-02-23","Details",NA
"497",1,"Y Combinator","Meetings.io","1,600,000","seed","2011-07-10","Details","Exited"
"498",2,"Y Combinator","reMail","","seed","2009-01-01","Details","Exited"
"499",3,"Y Combinator","Pachyderm","2,000,000","seed","2015-06-10","Details",""
"500",4,"Y Combinator","Leftronic","500,000","seed","2010-11-17","Details","Exited"
"501",5,"Y Combinator","CardPool","","seed","2010-01-01","Details","Exited"
"502",6,"Y Combinator","URX","3,100,000","seed","2013-09-01","Details","Exited"
"503",7,"Y Combinator","Tagstand","1,100,000","seed","2011-10-14","Details",""
"504",8,"Y Combinator","GOAT","1,600,000","angel","2011-05-01","Details",""
"505",9,"Y Combinator","Taplytics","2,400,000","seed","2015-05-20","Details",""
"506",10,"Y Combinator","Opzi","1,000,000","angel","2010-09-01","Details","Dead"
"507",11,"Y Combinator","SocialCam","","angel","2012-04-30","Details","Exited"
"508",12,"Y Combinator","280 North","250,000","angel","2008-03-01","Details","Exited"
"509",13,"Imagine K12","Panorama","4,000,000","seed","2013-10-21","Details",""
"510",14,"Y Combinator","Rapportive","1,000,000","seed","2010-08-02","Details","Exited"
"511",15,"Y Combinator","Nowmov","","angel","2010-05-01","Details","Dead"
"512",16,"Y Combinator","Custora","","seed","2012-01-05","Details",""
"513",17,"Y Combinator","CarWoo","300,000","seed","2010-01-01","Details","Dead"
"514",18,"Y Combinator","Ambition","","seed","2014-02-01","Details",""
"515",19,"Y Combinator","Reddit","50,000,000","venture","2014-09-30","Details","Exited"
"516",20,"Y Combinator","Parenthoods","1,320,000","seed","2014-11-06","Details",""
"517",21,"Y Combinator","Auctomatic","400,000","angel","2007-01-01","Details","Exited"
"518",22,"Y Combinator","Tilt","2,100,000","seed","2012-05-17","Details","Exited"
"519",23,"Y Combinator","Panorama Education","4,000,000","seed","2013-10-21","Details",""
"520",24,"Y Combinator","Appjet","700,000","angel","2007-08-01","Details","Exited"
"521",25,"Y Combinator","Volantio","70,000","seed","2009-03-01","Details",""
"522",26,"Y Combinator","Cue","700,000","seed","2010-08-31","Details","Exited"
"523",27,"Y Combinator","Swiftype","1,700,000","seed","2013-08-15","Details",""
"524",28,"Y Combinator","1000Memories","2,520,000","venture","2011-02-16","Details","Exited"
"525",29,"Y Combinator","AeroFS","","seed","2010-08-20","Details",""
"526",30,"Y Combinator","Octopart","359,999","seed","2008-05-12","Details","Exited"
"527",31,"Y Combinator","PicnicHealth","2,000,000","seed","2015-04-02","Details",""
"528",32,"Y Combinator","Sendwithus","2,300,000","seed","2014-09-25","Details",""
"529",1,"Y Combinator","Quartzy","1,200,000","seed","2012-02-23","Details",NA
"530",1,"Y Combinator","Meetings.io","1,600,000","seed","2011-07-10","Details","Exited"
"531",2,"Y Combinator","reMail","","seed","2009-01-01","Details","Exited"
"532",3,"Y Combinator","Pachyderm","2,000,000","seed","2015-06-10","Details",""
"533",4,"Y Combinator","Leftronic","500,000","seed","2010-11-17","Details","Exited"
"534",5,"Y Combinator","CardPool","","seed","2010-01-01","Details","Exited"
"535",6,"Y Combinator","URX","3,100,000","seed","2013-09-01","Details","Exited"
"536",7,"Y Combinator","Tagstand","1,100,000","seed","2011-10-14","Details",""
"537",8,"Y Combinator","GOAT","1,600,000","angel","2011-05-01","Details",""
"538",9,"Y Combinator","Taplytics","2,400,000","seed","2015-05-20","Details",""
"539",10,"Y Combinator","Opzi","1,000,000","angel","2010-09-01","Details","Dead"
"540",11,"Y Combinator","SocialCam","","angel","2012-04-30","Details","Exited"
"541",12,"Y Combinator","280 North","250,000","angel","2008-03-01","Details","Exited"
"542",13,"Imagine K12","Panorama","4,000,000","seed","2013-10-21","Details",""
"543",14,"Y Combinator","Rapportive","1,000,000","seed","2010-08-02","Details","Exited"
"544",15,"Y Combinator","Nowmov","","angel","2010-05-01","Details","Dead"
"545",16,"Y Combinator","Custora","","seed","2012-01-05","Details",""
"546",17,"Y Combinator","CarWoo","300,000","seed","2010-01-01","Details","Dead"
"547",18,"Y Combinator","Ambition","","seed","2014-02-01","Details",""
"548",19,"Y Combinator","Reddit","50,000,000","venture","2014-09-30","Details","Exited"
"549",20,"Y Combinator","Parenthoods","1,320,000","seed","2014-11-06","Details",""
"550",21,"Y Combinator","Auctomatic","400,000","angel","2007-01-01","Details","Exited"
"551",22,"Y Combinator","Tilt","2,100,000","seed","2012-05-17","Details","Exited"
"552",23,"Y Combinator","Panorama Education","4,000,000","seed","2013-10-21","Details",""
"553",24,"Y Combinator","Appjet","700,000","angel","2007-08-01","Details","Exited"
"554",25,"Y Combinator","Volantio","70,000","seed","2009-03-01","Details",""
"555",26,"Y Combinator","Cue","700,000","seed","2010-08-31","Details","Exited"
"556",27,"Y Combinator","Swiftype","1,700,000","seed","2013-08-15","Details",""
"557",28,"Y Combinator","1000Memories","2,520,000","venture","2011-02-16","Details","Exited"
"558",29,"Y Combinator","AeroFS","","seed","2010-08-20","Details",""
"559",30,"Y Combinator","Octopart","359,999","seed","2008-05-12","Details","Exited"
"560",31,"Y Combinator","PicnicHealth","2,000,000","seed","2015-04-02","Details",""
"561",32,"Y Combinator","Sendwithus","2,300,000","seed","2014-09-25","Details",""
"562",1,"Y Combinator","Quartzy","1,200,000","seed","2012-02-23","Details",NA
"563",1,"Y Combinator","Meetings.io","1,600,000","seed","2011-07-10","Details","Exited"
"564",2,"Y Combinator","reMail","","seed","2009-01-01","Details","Exited"
"565",3,"Y Combinator","Pachyderm","2,000,000","seed","2015-06-10","Details",""
"566",4,"Y Combinator","Leftronic","500,000","seed","2010-11-17","Details","Exited"
"567",5,"Y Combinator","CardPool","","seed","2010-01-01","Details","Exited"
"568",6,"Y Combinator","URX","3,100,000","seed","2013-09-01","Details","Exited"
"569",7,"Y Combinator","Tagstand","1,100,000","seed","2011-10-14","Details",""
"570",8,"Y Combinator","GOAT","1,600,000","angel","2011-05-01","Details",""
"571",9,"Y Combinator","Taplytics","2,400,000","seed","2015-05-20","Details",""
"572",10,"Y Combinator","Opzi","1,000,000","angel","2010-09-01","Details","Dead"
"573",11,"Y Combinator","SocialCam","","angel","2012-04-30","Details","Exited"
"574",12,"Y Combinator","280 North","250,000","angel","2008-03-01","Details","Exited"
"575",13,"Imagine K12","Panorama","4,000,000","seed","2013-10-21","Details",""
"576",14,"Y Combinator","Rapportive","1,000,000","seed","2010-08-02","Details","Exited"
"577",15,"Y Combinator","Nowmov","","angel","2010-05-01","Details","Dead"
"578",16,"Y Combinator","Custora","","seed","2012-01-05","Details",""
"579",17,"Y Combinator","CarWoo","300,000","seed","2010-01-01","Details","Dead"
"580",18,"Y Combinator","Ambition","","seed","2014-02-01","Details",""
"581",19,"Y Combinator","Reddit","50,000,000","venture","2014-09-30","Details","Exited"
"582",20,"Y Combinator","Parenthoods","1,320,000","seed","2014-11-06","Details",""
"583",21,"Y Combinator","Auctomatic","400,000","angel","2007-01-01","Details","Exited"
"584",22,"Y Combinator","Tilt","2,100,000","seed","2012-05-17","Details","Exited"
"585",23,"Y Combinator","Panorama Education","4,000,000","seed","2013-10-21","Details",""
"586",24,"Y Combinator","Appjet","700,000","angel","2007-08-01","Details","Exited"
"587",25,"Y Combinator","Volantio","70,000","seed","2009-03-01","Details",""
"588",26,"Y Combinator","Cue","700,000","seed","2010-08-31","Details","Exited"
"589",27,"Y Combinator","Swiftype","1,700,000","seed","2013-08-15","Details",""
"590",28,"Y Combinator","1000Memories","2,520,000","venture","2011-02-16","Details","Exited"
"591",29,"Y Combinator","AeroFS","","seed","2010-08-20","Details",""
"592",30,"Y Combinator","Octopart","359,999","seed","2008-05-12","Details","Exited"
"593",31,"Y Combinator","PicnicHealth","2,000,000","seed","2015-04-02","Details",""
"594",32,"Y Combinator","Sendwithus","2,300,000","seed","2014-09-25","Details",""
"595",1,"Y Combinator","Quartzy","1,200,000","seed","2012-02-23","Details",NA
"596",1,"Y Combinator","Meetings.io","1,600,000","seed","2011-07-10","Details","Exited"
"597",2,"Y Combinator","reMail","","seed","2009-01-01","Details","Exited"
"598",3,"Y Combinator","Pachyderm","2,000,000","seed","2015-06-10","Details",""
"599",4,"Y Combinator","Leftronic","500,000","seed","2010-11-17","Details","Exited"
"600",5,"Y Combinator","CardPool","","seed","2010-01-01","Details","Exited"
"601",6,"Y Combinator","URX","3,100,000","seed","2013-09-01","Details","Exited"
"602",7,"Y Combinator","Tagstand","1,100,000","seed","2011-10-14","Details",""
"603",8,"Y Combinator","GOAT","1,600,000","angel","2011-05-01","Details",""
"604",9,"Y Combinator","Taplytics","2,400,000","seed","2015-05-20","Details",""
"605",10,"Y Combinator","Opzi","1,000,000","angel","2010-09-01","Details","Dead"
"606",11,"Y Combinator","SocialCam","","angel","2012-04-30","Details","Exited"
"607",12,"Y Combinator","280 North","250,000","angel","2008-03-01","Details","Exited"
"608",13,"Imagine K12","Panorama","4,000,000","seed","2013-10-21","Details",""
"609",14,"Y Combinator","Rapportive","1,000,000","seed","2010-08-02","Details","Exited"
"610",15,"Y Combinator","Nowmov","","angel","2010-05-01","Details","Dead"
"611",16,"Y Combinator","Custora","","seed","2012-01-05","Details",""
"612",17,"Y Combinator","CarWoo","300,000","seed","2010-01-01","Details","Dead"
"613",18,"Y Combinator","Ambition","","seed","2014-02-01","Details",""
"614",19,"Y Combinator","Reddit","50,000,000","venture","2014-09-30","Details","Exited"
"615",20,"Y Combinator","Parenthoods","1,320,000","seed","2014-11-06","Details",""
"616",21,"Y Combinator","Auctomatic","400,000","angel","2007-01-01","Details","Exited"
"617",22,"Y Combinator","Tilt","2,100,000","seed","2012-05-17","Details","Exited"
"618",23,"Y Combinator","Panorama Education","4,000,000","seed","2013-10-21","Details",""
"619",24,"Y Combinator","Appjet","700,000","angel","2007-08-01","Details","Exited"
"620",25,"Y Combinator","Volantio","70,000","seed","2009-03-01","Details",""
"621",26,"Y Combinator","Cue","700,000","seed","2010-08-31","Details","Exited"
"622",27,"Y Combinator","Swiftype","1,700,000","seed","2013-08-15","Details",""
"623",28,"Y Combinator","1000Memories","2,520,000","venture","2011-02-16","Details","Exited"
"624",29,"Y Combinator","AeroFS","","seed","2010-08-20","Details",""
"625",30,"Y Combinator","Octopart","359,999","seed","2008-05-12","Details","Exited"
"626",31,"Y Combinator","PicnicHealth","2,000,000","seed","2015-04-02","Details",""
"627",32,"Y Combinator","Sendwithus","2,300,000","seed","2014-09-25","Details",""
"628",1,"Y Combinator","Quartzy","1,200,000","seed","2012-02-23","Details",NA
"629",1,"Y Combinator","Meetings.io","1,600,000","seed","2011-07-10","Details","Exited"
"630",2,"Y Combinator","reMail","","seed","2009-01-01","Details","Exited"
"631",3,"Y Combinator","Pachyderm","2,000,000","seed","2015-06-10","Details",""
"632",4,"Y Combinator","Leftronic","500,000","seed","2010-11-17","Details","Exited"
"633",5,"Y Combinator","CardPool","","seed","2010-01-01","Details","Exited"
"634",6,"Y Combinator","URX","3,100,000","seed","2013-09-01","Details","Exited"
"635",7,"Y Combinator","Tagstand","1,100,000","seed","2011-10-14","Details",""
"636",8,"Y Combinator","GOAT","1,600,000","angel","2011-05-01","Details",""
"637",9,"Y Combinator","Taplytics","2,400,000","seed","2015-05-20","Details",""
"638",10,"Y Combinator","Opzi","1,000,000","angel","2010-09-01","Details","Dead"
"639",11,"Y Combinator","SocialCam","","angel","2012-04-30","Details","Exited"
"640",12,"Y Combinator","280 North","250,000","angel","2008-03-01","Details","Exited"
"641",13,"Imagine K12","Panorama","4,000,000","seed","2013-10-21","Details",""
"642",14,"Y Combinator","Rapportive","1,000,000","seed","2010-08-02","Details","Exited"
"643",15,"Y Combinator","Nowmov","","angel","2010-05-01","Details","Dead"
"644",16,"Y Combinator","Custora","","seed","2012-01-05","Details",""
"645",17,"Y Combinator","CarWoo","300,000","seed","2010-01-01","Details","Dead"
"646",18,"Y Combinator","Ambition","","seed","2014-02-01","Details",""
"647",19,"Y Combinator","Reddit","50,000,000","venture","2014-09-30","Details","Exited"
"648",20,"Y Combinator","Parenthoods","1,320,000","seed","2014-11-06","Details",""
"649",21,"Y Combinator","Auctomatic","400,000","angel","2007-01-01","Details","Exited"
"650",22,"Y Combinator","Tilt","2,100,000","seed","2012-05-17","Details","Exited"
"651",23,"Y Combinator","Panorama Education","4,000,000","seed","2013-10-21","Details",""
"652",24,"Y Combinator","Appjet","700,000","angel","2007-08-01","Details","Exited"
"653",25,"Y Combinator","Volantio","70,000","seed","2009-03-01","Details",""
"654",26,"Y Combinator","Cue","700,000","seed","2010-08-31","Details","Exited"
"655",27,"Y Combinator","Swiftype","1,700,000","seed","2013-08-15","Details",""
"656",28,"Y Combinator","1000Memories","2,520,000","venture","2011-02-16","Details","Exited"
"657",29,"Y Combinator","AeroFS","","seed","2010-08-20","Details",""
"658",30,"Y Combinator","Octopart","359,999","seed","2008-05-12","Details","Exited"
"659",31,"Y Combinator","PicnicHealth","2,000,000","seed","2015-04-02","Details",""
"660",32,"Y Combinator","Sendwithus","2,300,000","seed","2014-09-25","Details",""
"661",1,"Y Combinator","Quartzy","1,200,000","seed","2012-02-23","Details",NA
"662",1,"Y Combinator","Meetings.io","1,600,000","seed","2011-07-10","Details","Exited"
"663",2,"Y Combinator","reMail","","seed","2009-01-01","Details","Exited"
"664",3,"Y Combinator","Pachyderm","2,000,000","seed","2015-06-10","Details",""
"665",4,"Y Combinator","Leftronic","500,000","seed","2010-11-17","Details","Exited"
"666",5,"Y Combinator","CardPool","","seed","2010-01-01","Details","Exited"
"667",6,"Y Combinator","URX","3,100,000","seed","2013-09-01","Details","Exited"
"668",7,"Y Combinator","Tagstand","1,100,000","seed","2011-10-14","Details",""
"669",8,"Y Combinator","GOAT","1,600,000","angel","2011-05-01","Details",""
"670",9,"Y Combinator","Taplytics","2,400,000","seed","2015-05-20","Details",""
"671",10,"Y Combinator","Opzi","1,000,000","angel","2010-09-01","Details","Dead"
"672",11,"Y Combinator","SocialCam","","angel","2012-04-30","Details","Exited"
"673",12,"Y Combinator","280 North","250,000","angel","2008-03-01","Details","Exited"
"674",13,"Imagine K12","Panorama","4,000,000","seed","2013-10-21","Details",""
"675",14,"Y Combinator","Rapportive","1,000,000","seed","2010-08-02","Details","Exited"
"676",15,"Y Combinator","Nowmov","","angel","2010-05-01","Details","Dead"
"677",16,"Y Combinator","Custora","","seed","2012-01-05","Details",""
"678",17,"Y Combinator","CarWoo","300,000","seed","2010-01-01","Details","Dead"
"679",18,"Y Combinator","Ambition","","seed","2014-02-01","Details",""
"680",19,"Y Combinator","Reddit","50,000,000","venture","2014-09-30","Details","Exited"
"681",20,"Y Combinator","Parenthoods","1,320,000","seed","2014-11-06","Details",""
"682",21,"Y Combinator","Auctomatic","400,000","angel","2007-01-01","Details","Exited"
"683",22,"Y Combinator","Tilt","2,100,000","seed","2012-05-17","Details","Exited"
"684",23,"Y Combinator","Panorama Education","4,000,000","seed","2013-10-21","Details",""
"685",24,"Y Combinator","Appjet","700,000","angel","2007-08-01","Details","Exited"
"686",25,"Y Combinator","Volantio","70,000","seed","2009-03-01","Details",""
"687",26,"Y Combinator","Cue","700,000","seed","2010-08-31","Details","Exited"
"688",27,"Y Combinator","Swiftype","1,700,000","seed","2013-08-15","Details",""
"689",28,"Y Combinator","1000Memories","2,520,000","venture","2011-02-16","Details","Exited"
"690",29,"Y Combinator","AeroFS","","seed","2010-08-20","Details",""
"691",30,"Y Combinator","Octopart","359,999","seed","2008-05-12","Details","Exited"
"692",31,"Y Combinator","PicnicHealth","2,000,000","seed","2015-04-02","Details",""
"693",32,"Y Combinator","Sendwithus","2,300,000","seed","2014-09-25","Details",""
"694",1,"Y Combinator","Quartzy","1,200,000","seed","2012-02-23","Details",NA
"695",1,"Y Combinator","Meetings.io","1,600,000","seed","2011-07-10","Details","Exited"
"696",2,"Y Combinator","reMail","","seed","2009-01-01","Details","Exited"
"697",3,"Y Combinator","Pachyderm","2,000,000","seed","2015-06-10","Details",""
"698",4,"Y Combinator","Leftronic","500,000","seed","2010-11-17","Details","Exited"
"699",5,"Y Combinator","CardPool","","seed","2010-01-01","Details","Exited"
"700",6,"Y Combinator","URX","3,100,000","seed","2013-09-01","Details","Exited"
"701",7,"Y Combinator","Tagstand","1,100,000","seed","2011-10-14","Details",""
"702",8,"Y Combinator","GOAT","1,600,000","angel","2011-05-01","Details",""
"703",9,"Y Combinator","Taplytics","2,400,000","seed","2015-05-20","Details",""
"704",10,"Y Combinator","Opzi","1,000,000","angel","2010-09-01","Details","Dead"
"705",11,"Y Combinator","SocialCam","","angel","2012-04-30","Details","Exited"
"706",12,"Y Combinator","280 North","250,000","angel","2008-03-01","Details","Exited"
"707",13,"Imagine K12","Panorama","4,000,000","seed","2013-10-21","Details",""
"708",14,"Y Combinator","Rapportive","1,000,000","seed","2010-08-02","Details","Exited"
"709",15,"Y Combinator","Nowmov","","angel","2010-05-01","Details","Dead"
"710",16,"Y Combinator","Custora","","seed","2012-01-05","Details",""
"711",17,"Y Combinator","CarWoo","300,000","seed","2010-01-01","Details","Dead"
"712",18,"Y Combinator","Ambition","","seed","2014-02-01","Details",""
"713",19,"Y Combinator","Reddit","50,000,000","venture","2014-09-30","Details","Exited"
"714",20,"Y Combinator","Parenthoods","1,320,000","seed","2014-11-06","Details",""
"715",21,"Y Combinator","Auctomatic","400,000","angel","2007-01-01","Details","Exited"
"716",22,"Y Combinator","Tilt","2,100,000","seed","2012-05-17","Details","Exited"
"717",23,"Y Combinator","Panorama Education","4,000,000","seed","2013-10-21","Details",""
"718",24,"Y Combinator","Appjet","700,000","angel","2007-08-01","Details","Exited"
"719",25,"Y Combinator","Volantio","70,000","seed","2009-03-01","Details",""
"720",26,"Y Combinator","Cue","700,000","seed","2010-08-31","Details","Exited"
"721",27,"Y Combinator","Swiftype","1,700,000","seed","2013-08-15","Details",""
"722",28,"Y Combinator","1000Memories","2,520,000","venture","2011-02-16","Details","Exited"
"723",29,"Y Combinator","AeroFS","","seed","2010-08-20","Details",""
"724",30,"Y Combinator","Octopart","359,999","seed","2008-05-12","Details","Exited"
"725",31,"Y Combinator","PicnicHealth","2,000,000","seed","2015-04-02","Details",""
"726",32,"Y Combinator","Sendwithus","2,300,000","seed","2014-09-25","Details",""
"727",1,"Y Combinator","Quartzy","1,200,000","seed","2012-02-23","Details",NA
"728",1,"Y Combinator","Meetings.io","1,600,000","seed","2011-07-10","Details","Exited"
"729",2,"Y Combinator","reMail","","seed","2009-01-01","Details","Exited"
"730",3,"Y Combinator","Pachyderm","2,000,000","seed","2015-06-10","Details",""
"731",4,"Y Combinator","Leftronic","500,000","seed","2010-11-17","Details","Exited"
"732",5,"Y Combinator","CardPool","","seed","2010-01-01","Details","Exited"
"733",6,"Y Combinator","URX","3,100,000","seed","2013-09-01","Details","Exited"
"734",7,"Y Combinator","Tagstand","1,100,000","seed","2011-10-14","Details",""
"735",8,"Y Combinator","GOAT","1,600,000","angel","2011-05-01","Details",""
"736",9,"Y Combinator","Taplytics","2,400,000","seed","2015-05-20","Details",""
"737",10,"Y Combinator","Opzi","1,000,000","angel","2010-09-01","Details","Dead"
"738",11,"Y Combinator","SocialCam","","angel","2012-04-30","Details","Exited"
"739",12,"Y Combinator","280 North","250,000","angel","2008-03-01","Details","Exited"
"740",13,"Imagine K12","Panorama","4,000,000","seed","2013-10-21","Details",""
"741",14,"Y Combinator","Rapportive","1,000,000","seed","2010-08-02","Details","Exited"
"742",15,"Y Combinator","Nowmov","","angel","2010-05-01","Details","Dead"
"743",16,"Y Combinator","Custora","","seed","2012-01-05","Details",""
"744",17,"Y Combinator","CarWoo","300,000","seed","2010-01-01","Details","Dead"
"745",18,"Y Combinator","Ambition","","seed","2014-02-01","Details",""
"746",19,"Y Combinator","Reddit","50,000,000","venture","2014-09-30","Details","Exited"
"747",20,"Y Combinator","Parenthoods","1,320,000","seed","2014-11-06","Details",""
"748",21,"Y Combinator","Auctomatic","400,000","angel","2007-01-01","Details","Exited"
"749",22,"Y Combinator","Tilt","2,100,000","seed","2012-05-17","Details","Exited"
"750",23,"Y Combinator","Panorama Education","4,000,000","seed","2013-10-21","Details",""
"751",24,"Y Combinator","Appjet","700,000","angel","2007-08-01","Details","Exited"
"752",25,"Y Combinator","Volantio","70,000","seed","2009-03-01","Details",""
"753",26,"Y Combinator","Cue","700,000","seed","2010-08-31","Details","Exited"
"754",27,"Y Combinator","Swiftype","1,700,000","seed","2013-08-15","Details",""
"755",28,"Y Combinator","1000Memories","2,520,000","venture","2011-02-16","Details","Exited"
"756",29,"Y Combinator","AeroFS","","seed","2010-08-20","Details",""
"757",30,"Y Combinator","Octopart","359,999","seed","2008-05-12","Details","Exited"
"758",31,"Y Combinator","PicnicHealth","2,000,000","seed","2015-04-02","Details",""
"759",32,"Y Combinator","Sendwithus","2,300,000","seed","2014-09-25","Details",""
"760",1,"Y Combinator","Quartzy","1,200,000","seed","2012-02-23","Details",NA
"761",1,"Y Combinator","Meetings.io","1,600,000","seed","2011-07-10","Details","Exited"
"762",2,"Y Combinator","reMail","","seed","2009-01-01","Details","Exited"
"763",3,"Y Combinator","Pachyderm","2,000,000","seed","2015-06-10","Details",""
"764",4,"Y Combinator","Leftronic","500,000","seed","2010-11-17","Details","Exited"
"765",5,"Y Combinator","CardPool","","seed","2010-01-01","Details","Exited"
"766",6,"Y Combinator","URX","3,100,000","seed","2013-09-01","Details","Exited"
"767",7,"Y Combinator","Tagstand","1,100,000","seed","2011-10-14","Details",""
"768",8,"Y Combinator","GOAT","1,600,000","angel","2011-05-01","Details",""
"769",9,"Y Combinator","Taplytics","2,400,000","seed","2015-05-20","Details",""
"770",10,"Y Combinator","Opzi","1,000,000","angel","2010-09-01","Details","Dead"
"771",11,"Y Combinator","SocialCam","","angel","2012-04-30","Details","Exited"
"772",12,"Y Combinator","280 North","250,000","angel","2008-03-01","Details","Exited"
"773",13,"Imagine K12","Panorama","4,000,000","seed","2013-10-21","Details",""
"774",14,"Y Combinator","Rapportive","1,000,000","seed","2010-08-02","Details","Exited"
"775",15,"Y Combinator","Nowmov","","angel","2010-05-01","Details","Dead"
"776",16,"Y Combinator","Custora","","seed","2012-01-05","Details",""
"777",17,"Y Combinator","CarWoo","300,000","seed","2010-01-01","Details","Dead"
"778",18,"Y Combinator","Ambition","","seed","2014-02-01","Details",""
"779",19,"Y Combinator","Reddit","50,000,000","venture","2014-09-30","Details","Exited"
"780",20,"Y Combinator","Parenthoods","1,320,000","seed","2014-11-06","Details",""
"781",21,"Y Combinator","Auctomatic","400,000","angel","2007-01-01","Details","Exited"
"782",22,"Y Combinator","Tilt","2,100,000","seed","2012-05-17","Details","Exited"
"783",23,"Y Combinator","Panorama Education","4,000,000","seed","2013-10-21","Details",""
"784",24,"Y Combinator","Appjet","700,000","angel","2007-08-01","Details","Exited"
"785",25,"Y Combinator","Volantio","70,000","seed","2009-03-01","Details",""
"786",26,"Y Combinator","Cue","700,000","seed","2010-08-31","Details","Exited"
"787",27,"Y Combinator","Swiftype","1,700,000","seed","2013-08-15","Details",""
"788",28,"Y Combinator","1000Memories","2,520,000","venture","2011-02-16","Details","Exited"
"789",29,"Y Combinator","AeroFS","","seed","2010-08-20","Details",""
"790",30,"Y Combinator","Octopart","359,999","seed","2008-05-12","Details","Exited"
"791",31,"Y Combinator","PicnicHealth","2,000,000","seed","2015-04-02","Details",""
"792",32,"Y Combinator","Sendwithus","2,300,000","seed","2014-09-25","Details",""
"793",1,"Y Combinator","Quartzy","1,200,000","seed","2012-02-23","Details",NA
"794",1,"Y Combinator","Meetings.io","1,600,000","seed","2011-07-10","Details","Exited"
"795",2,"Y Combinator","reMail","","seed","2009-01-01","Details","Exited"
"796",3,"Y Combinator","Pachyderm","2,000,000","seed","2015-06-10","Details",""
"797",4,"Y Combinator","Leftronic","500,000","seed","2010-11-17","Details","Exited"
"798",5,"Y Combinator","CardPool","","seed","2010-01-01","Details","Exited"
"799",6,"Y Combinator","URX","3,100,000","seed","2013-09-01","Details","Exited"
"800",7,"Y Combinator","Tagstand","1,100,000","seed","2011-10-14","Details",""
"801",8,"Y Combinator","GOAT","1,600,000","angel","2011-05-01","Details",""
"802",9,"Y Combinator","Taplytics","2,400,000","seed","2015-05-20","Details",""
"803",10,"Y Combinator","Opzi","1,000,000","angel","2010-09-01","Details","Dead"
"804",11,"Y Combinator","SocialCam","","angel","2012-04-30","Details","Exited"
"805",12,"Y Combinator","280 North","250,000","angel","2008-03-01","Details","Exited"
"806",13,"Imagine K12","Panorama","4,000,000","seed","2013-10-21","Details",""
"807",14,"Y Combinator","Rapportive","1,000,000","seed","2010-08-02","Details","Exited"
"808",15,"Y Combinator","Nowmov","","angel","2010-05-01","Details","Dead"
"809",16,"Y Combinator","Custora","","seed","2012-01-05","Details",""
"810",17,"Y Combinator","CarWoo","300,000","seed","2010-01-01","Details","Dead"
"811",18,"Y Combinator","Ambition","","seed","2014-02-01","Details",""
"812",19,"Y Combinator","Reddit","50,000,000","venture","2014-09-30","Details","Exited"
"813",20,"Y Combinator","Parenthoods","1,320,000","seed","2014-11-06","Details",""
"814",21,"Y Combinator","Auctomatic","400,000","angel","2007-01-01","Details","Exited"
"815",22,"Y Combinator","Tilt","2,100,000","seed","2012-05-17","Details","Exited"
"816",23,"Y Combinator","Panorama Education","4,000,000","seed","2013-10-21","Details",""
"817",24,"Y Combinator","Appjet","700,000","angel","2007-08-01","Details","Exited"
"818",25,"Y Combinator","Volantio","70,000","seed","2009-03-01","Details",""
"819",26,"Y Combinator","Cue","700,000","seed","2010-08-31","Details","Exited"
"820",27,"Y Combinator","Swiftype","1,700,000","seed","2013-08-15","Details",""
"821",28,"Y Combinator","1000Memories","2,520,000","venture","2011-02-16","Details","Exited"
"822",29,"Y Combinator","AeroFS","","seed","2010-08-20","Details",""
"823",30,"Y Combinator","Octopart","359,999","seed","2008-05-12","Details","Exited"
"824",31,"Y Combinator","PicnicHealth","2,000,000","seed","2015-04-02","Details",""
"825",32,"Y Combinator","Sendwithus","2,300,000","seed","2014-09-25","Details",""
"826",1,"Y Combinator","Quartzy","1,200,000","seed","2012-02-23","Details",NA
"827",1,"Y Combinator","Meetings.io","1,600,000","seed","2011-07-10","Details","Exited"
"828",2,"Y Combinator","reMail","","seed","2009-01-01","Details","Exited"
"829",3,"Y Combinator","Pachyderm","2,000,000","seed","2015-06-10","Details",""
"830",4,"Y Combinator","Leftronic","500,000","seed","2010-11-17","Details","Exited"
"831",5,"Y Combinator","CardPool","","seed","2010-01-01","Details","Exited"
"832",6,"Y Combinator","URX","3,100,000","seed","2013-09-01","Details","Exited"
"833",7,"Y Combinator","Tagstand","1,100,000","seed","2011-10-14","Details",""
"834",8,"Y Combinator","GOAT","1,600,000","angel","2011-05-01","Details",""
"835",9,"Y Combinator","Taplytics","2,400,000","seed","2015-05-20","Details",""
"836",10,"Y Combinator","Opzi","1,000,000","angel","2010-09-01","Details","Dead"
"837",11,"Y Combinator","SocialCam","","angel","2012-04-30","Details","Exited"
"838",12,"Y Combinator","280 North","250,000","angel","2008-03-01","Details","Exited"
"839",13,"Imagine K12","Panorama","4,000,000","seed","2013-10-21","Details",""
"840",14,"Y Combinator","Rapportive","1,000,000","seed","2010-08-02","Details","Exited"
"841",15,"Y Combinator","Nowmov","","angel","2010-05-01","Details","Dead"
"842",16,"Y Combinator","Custora","","seed","2012-01-05","Details",""
"843",17,"Y Combinator","CarWoo","300,000","seed","2010-01-01","Details","Dead"
"844",18,"Y Combinator","Ambition","","seed","2014-02-01","Details",""
"845",19,"Y Combinator","Reddit","50,000,000","venture","2014-09-30","Details","Exited"
"846",20,"Y Combinator","Parenthoods","1,320,000","seed","2014-11-06","Details",""
"847",21,"Y Combinator","Auctomatic","400,000","angel","2007-01-01","Details","Exited"
"848",22,"Y Combinator","Tilt","2,100,000","seed","2012-05-17","Details","Exited"
"849",23,"Y Combinator","Panorama Education","4,000,000","seed","2013-10-21","Details",""
"850",24,"Y Combinator","Appjet","700,000","angel","2007-08-01","Details","Exited"
"851",25,"Y Combinator","Volantio","70,000","seed","2009-03-01","Details",""
"852",26,"Y Combinator","Cue","700,000","seed","2010-08-31","Details","Exited"
"853",27,"Y Combinator","Swiftype","1,700,000","seed","2013-08-15","Details",""
"854",28,"Y Combinator","1000Memories","2,520,000","venture","2011-02-16","Details","Exited"
"855",29,"Y Combinator","AeroFS","","seed","2010-08-20","Details",""
"856",30,"Y Combinator","Octopart","359,999","seed","2008-05-12","Details","Exited"
"857",31,"Y Combinator","PicnicHealth","2,000,000","seed","2015-04-02","Details",""
"858",32,"Y Combinator","Sendwithus","2,300,000","seed","2014-09-25","Details",""
"859",1,"Y Combinator","Quartzy","1,200,000","seed","2012-02-23","Details",NA
"860",1,"Y Combinator","Meetings.io","1,600,000","seed","2011-07-10","Details","Exited"
"861",2,"Y Combinator","reMail","","seed","2009-01-01","Details","Exited"
"862",3,"Y Combinator","Pachyderm","2,000,000","seed","2015-06-10","Details",""
"863",4,"Y Combinator","Leftronic","500,000","seed","2010-11-17","Details","Exited"
"864",5,"Y Combinator","CardPool","","seed","2010-01-01","Details","Exited"
"865",6,"Y Combinator","URX","3,100,000","seed","2013-09-01","Details","Exited"
"866",7,"Y Combinator","Tagstand","1,100,000","seed","2011-10-14","Details",""
"867",8,"Y Combinator","GOAT","1,600,000","angel","2011-05-01","Details",""
"868",9,"Y Combinator","Taplytics","2,400,000","seed","2015-05-20","Details",""
"869",10,"Y Combinator","Opzi","1,000,000","angel","2010-09-01","Details","Dead"
"870",11,"Y Combinator","SocialCam","","angel","2012-04-30","Details","Exited"
"871",12,"Y Combinator","280 North","250,000","angel","2008-03-01","Details","Exited"
"872",13,"Imagine K12","Panorama","4,000,000","seed","2013-10-21","Details",""
"873",14,"Y Combinator","Rapportive","1,000,000","seed","2010-08-02","Details","Exited"
"874",15,"Y Combinator","Nowmov","","angel","2010-05-01","Details","Dead"
"875",16,"Y Combinator","Custora","","seed","2012-01-05","Details",""
"876",17,"Y Combinator","CarWoo","300,000","seed","2010-01-01","Details","Dead"
"877",18,"Y Combinator","Ambition","","seed","2014-02-01","Details",""
"878",19,"Y Combinator","Reddit","50,000,000","venture","2014-09-30","Details","Exited"
"879",20,"Y Combinator","Parenthoods","1,320,000","seed","2014-11-06","Details",""
"880",21,"Y Combinator","Auctomatic","400,000","angel","2007-01-01","Details","Exited"
"881",22,"Y Combinator","Tilt","2,100,000","seed","2012-05-17","Details","Exited"
"882",23,"Y Combinator","Panorama Education","4,000,000","seed","2013-10-21","Details",""
"883",24,"Y Combinator","Appjet","700,000","angel","2007-08-01","Details","Exited"
"884",25,"Y Combinator","Volantio","70,000","seed","2009-03-01","Details",""
"885",26,"Y Combinator","Cue","700,000","seed","2010-08-31","Details","Exited"
"886",27,"Y Combinator","Swiftype","1,700,000","seed","2013-08-15","Details",""
"887",28,"Y Combinator","1000Memories","2,520,000","venture","2011-02-16","Details","Exited"
"888",29,"Y Combinator","AeroFS","","seed","2010-08-20","Details",""
"889",30,"Y Combinator","Octopart","359,999","seed","2008-05-12","Details","Exited"
"890",31,"Y Combinator","PicnicHealth","2,000,000","seed","2015-04-02","Details",""
"891",32,"Y Combinator","Sendwithus","2,300,000","seed","2014-09-25","Details",""
"892",1,"Y Combinator","Quartzy","1,200,000","seed","2012-02-23","Details",NA
"893",1,"Y Combinator","Meetings.io","1,600,000","seed","2011-07-10","Details","Exited"
"894",2,"Y Combinator","reMail","","seed","2009-01-01","Details","Exited"
"895",3,"Y Combinator","Pachyderm","2,000,000","seed","2015-06-10","Details",""
"896",4,"Y Combinator","Leftronic","500,000","seed","2010-11-17","Details","Exited"
"897",5,"Y Combinator","CardPool","","seed","2010-01-01","Details","Exited"
"898",6,"Y Combinator","URX","3,100,000","seed","2013-09-01","Details","Exited"
"899",7,"Y Combinator","Tagstand","1,100,000","seed","2011-10-14","Details",""
"900",8,"Y Combinator","GOAT","1,600,000","angel","2011-05-01","Details",""
"901",9,"Y Combinator","Taplytics","2,400,000","seed","2015-05-20","Details",""
"902",10,"Y Combinator","Opzi","1,000,000","angel","2010-09-01","Details","Dead"
"903",11,"Y Combinator","SocialCam","","angel","2012-04-30","Details","Exited"
"904",12,"Y Combinator","280 North","250,000","angel","2008-03-01","Details","Exited"
"905",13,"Imagine K12","Panorama","4,000,000","seed","2013-10-21","Details",""
"906",14,"Y Combinator","Rapportive","1,000,000","seed","2010-08-02","Details","Exited"
"907",15,"Y Combinator","Nowmov","","angel","2010-05-01","Details","Dead"
"908",16,"Y Combinator","Custora","","seed","2012-01-05","Details",""
"909",17,"Y Combinator","CarWoo","300,000","seed","2010-01-01","Details","Dead"
"910",18,"Y Combinator","Ambition","","seed","2014-02-01","Details",""
"911",19,"Y Combinator","Reddit","50,000,000","venture","2014-09-30","Details","Exited"
"912",20,"Y Combinator","Parenthoods","1,320,000","seed","2014-11-06","Details",""
"913",21,"Y Combinator","Auctomatic","400,000","angel","2007-01-01","Details","Exited"
"914",22,"Y Combinator","Tilt","2,100,000","seed","2012-05-17","Details","Exited"
"915",23,"Y Combinator","Panorama Education","4,000,000","seed","2013-10-21","Details",""
"916",24,"Y Combinator","Appjet","700,000","angel","2007-08-01","Details","Exited"
"917",25,"Y Combinator","Volantio","70,000","seed","2009-03-01","Details",""
"918",26,"Y Combinator","Cue","700,000","seed","2010-08-31","Details","Exited"
"919",27,"Y Combinator","Swiftype","1,700,000","seed","2013-08-15","Details",""
"920",28,"Y Combinator","1000Memories","2,520,000","venture","2011-02-16","Details","Exited"
"921",29,"Y Combinator","AeroFS","","seed","2010-08-20","Details",""
"922",30,"Y Combinator","Octopart","359,999","seed","2008-05-12","Details","Exited"
"923",31,"Y Combinator","PicnicHealth","2,000,000","seed","2015-04-02","Details",""
"924",32,"Y Combinator","Sendwithus","2,300,000","seed","2014-09-25","Details",""
"925",1,"Y Combinator","Quartzy","1,200,000","seed","2012-02-23","Details",NA
"926",1,"Y Combinator","Meetings.io","1,600,000","seed","2011-07-10","Details","Exited"
"927",2,"Y Combinator","reMail","","seed","2009-01-01","Details","Exited"
"928",3,"Y Combinator","Pachyderm","2,000,000","seed","2015-06-10","Details",""
"929",4,"Y Combinator","Leftronic","500,000","seed","2010-11-17","Details","Exited"
"930",5,"Y Combinator","CardPool","","seed","2010-01-01","Details","Exited"
"931",6,"Y Combinator","URX","3,100,000","seed","2013-09-01","Details","Exited"
"932",7,"Y Combinator","Tagstand","1,100,000","seed","2011-10-14","Details",""
"933",8,"Y Combinator","GOAT","1,600,000","angel","2011-05-01","Details",""
"934",9,"Y Combinator","Taplytics","2,400,000","seed","2015-05-20","Details",""
"935",10,"Y Combinator","Opzi","1,000,000","angel","2010-09-01","Details","Dead"
"936",11,"Y Combinator","SocialCam","","angel","2012-04-30","Details","Exited"
"937",12,"Y Combinator","280 North","250,000","angel","2008-03-01","Details","Exited"
"938",13,"Imagine K12","Panorama","4,000,000","seed","2013-10-21","Details",""
"939",14,"Y Combinator","Rapportive","1,000,000","seed","2010-08-02","Details","Exited"
"940",15,"Y Combinator","Nowmov","","angel","2010-05-01","Details","Dead"
"941",16,"Y Combinator","Custora","","seed","2012-01-05","Details",""
"942",17,"Y Combinator","CarWoo","300,000","seed","2010-01-01","Details","Dead"
"943",18,"Y Combinator","Ambition","","seed","2014-02-01","Details",""
"944",19,"Y Combinator","Reddit","50,000,000","venture","2014-09-30","Details","Exited"
"945",20,"Y Combinator","Parenthoods","1,320,000","seed","2014-11-06","Details",""
"946",21,"Y Combinator","Auctomatic","400,000","angel","2007-01-01","Details","Exited"
"947",22,"Y Combinator","Tilt","2,100,000","seed","2012-05-17","Details","Exited"
"948",23,"Y Combinator","Panorama Education","4,000,000","seed","2013-10-21","Details",""
"949",24,"Y Combinator","Appjet","700,000","angel","2007-08-01","Details","Exited"
"950",25,"Y Combinator","Volantio","70,000","seed","2009-03-01","Details",""
"951",26,"Y Combinator","Cue","700,000","seed","2010-08-31","Details","Exited"
"952",27,"Y Combinator","Swiftype","1,700,000","seed","2013-08-15","Details",""
"953",28,"Y Combinator","1000Memories","2,520,000","venture","2011-02-16","Details","Exited"
"954",29,"Y Combinator","AeroFS","","seed","2010-08-20","Details",""
"955",30,"Y Combinator","Octopart","359,999","seed","2008-05-12","Details","Exited"
"956",31,"Y Combinator","PicnicHealth","2,000,000","seed","2015-04-02","Details",""
"957",32,"Y Combinator","Sendwithus","2,300,000","seed","2014-09-25","Details",""
"958",1,"Y Combinator","Quartzy","1,200,000","seed","2012-02-23","Details",NA
"959",1,"Y Combinator","Meetings.io","1,600,000","seed","2011-07-10","Details","Exited"
"960",2,"Y Combinator","reMail","","seed","2009-01-01","Details","Exited"
"961",3,"Y Combinator","Pachyderm","2,000,000","seed","2015-06-10","Details",""
"962",4,"Y Combinator","Leftronic","500,000","seed","2010-11-17","Details","Exited"
"963",5,"Y Combinator","CardPool","","seed","2010-01-01","Details","Exited"
"964",6,"Y Combinator","URX","3,100,000","seed","2013-09-01","Details","Exited"
"965",7,"Y Combinator","Tagstand","1,100,000","seed","2011-10-14","Details",""
"966",8,"Y Combinator","GOAT","1,600,000","angel","2011-05-01","Details",""
"967",9,"Y Combinator","Taplytics","2,400,000","seed","2015-05-20","Details",""
"968",10,"Y Combinator","Opzi","1,000,000","angel","2010-09-01","Details","Dead"
"969",11,"Y Combinator","SocialCam","","angel","2012-04-30","Details","Exited"
"970",12,"Y Combinator","280 North","250,000","angel","2008-03-01","Details","Exited"
"971",13,"Imagine K12","Panorama","4,000,000","seed","2013-10-21","Details",""
"972",14,"Y Combinator","Rapportive","1,000,000","seed","2010-08-02","Details","Exited"
"973",15,"Y Combinator","Nowmov","","angel","2010-05-01","Details","Dead"
"974",16,"Y Combinator","Custora","","seed","2012-01-05","Details",""
"975",17,"Y Combinator","CarWoo","300,000","seed","2010-01-01","Details","Dead"
"976",18,"Y Combinator","Ambition","","seed","2014-02-01","Details",""
"977",19,"Y Combinator","Reddit","50,000,000","venture","2014-09-30","Details","Exited"
"978",20,"Y Combinator","Parenthoods","1,320,000","seed","2014-11-06","Details",""
"979",21,"Y Combinator","Auctomatic","400,000","angel","2007-01-01","Details","Exited"
"980",22,"Y Combinator","Tilt","2,100,000","seed","2012-05-17","Details","Exited"
"981",23,"Y Combinator","Panorama Education","4,000,000","seed","2013-10-21","Details",""
"982",24,"Y Combinator","Appjet","700,000","angel","2007-08-01","Details","Exited"
"983",25,"Y Combinator","Volantio","70,000","seed","2009-03-01","Details",""
"984",26,"Y Combinator","Cue","700,000","seed","2010-08-31","Details","Exited"
"985",27,"Y Combinator","Swiftype","1,700,000","seed","2013-08-15","Details",""
"986",28,"Y Combinator","1000Memories","2,520,000","venture","2011-02-16","Details","Exited"
"987",29,"Y Combinator","AeroFS","","seed","2010-08-20","Details",""
"988",30,"Y Combinator","Octopart","359,999","seed","2008-05-12","Details","Exited"
"989",31,"Y Combinator","PicnicHealth","2,000,000","seed","2015-04-02","Details",""
"990",32,"Y Combinator","Sendwithus","2,300,000","seed","2014-09-25","Details",""
"991",1,"Y Combinator","Quartzy","1,200,000","seed","2012-02-23","Details",NA
"992",1,"Y Combinator","Meetings.io","1,600,000","seed","2011-07-10","Details","Exited"
"993",2,"Y Combinator","reMail","","seed","2009-01-01","Details","Exited"
"994",3,"Y Combinator","Pachyderm","2,000,000","seed","2015-06-10","Details",""
"995",4,"Y Combinator","Leftronic","500,000","seed","2010-11-17","Details","Exited"
"996",5,"Y Combinator","CardPool","","seed","2010-01-01","Details","Exited"
"997",6,"Y Combinator","URX","3,100,000","seed","2013-09-01","Details","Exited"
"998",7,"Y Combinator","Tagstand","1,100,000","seed","2011-10-14","Details",""
"999",8,"Y Combinator","GOAT","1,600,000","angel","2011-05-01","Details",""
"1000",9,"Y Combinator","Taplytics","2,400,000","seed","2015-05-20","Details",""
"1001",10,"Y Combinator","Opzi","1,000,000","angel","2010-09-01","Details","Dead"
"1002",11,"Y Combinator","SocialCam","","angel","2012-04-30","Details","Exited"
"1003",12,"Y Combinator","280 North","250,000","angel","2008-03-01","Details","Exited"
"1004",13,"Imagine K12","Panorama","4,000,000","seed","2013-10-21","Details",""
"1005",14,"Y Combinator","Rapportive","1,000,000","seed","2010-08-02","Details","Exited"
"1006",15,"Y Combinator","Nowmov","","angel","2010-05-01","Details","Dead"
"1007",16,"Y Combinator","Custora","","seed","2012-01-05","Details",""
"1008",17,"Y Combinator","CarWoo","300,000","seed","2010-01-01","Details","Dead"
"1009",18,"Y Combinator","Ambition","","seed","2014-02-01","Details",""
"1010",19,"Y Combinator","Reddit","50,000,000","venture","2014-09-30","Details","Exited"
"1011",20,"Y Combinator","Parenthoods","1,320,000","seed","2014-11-06","Details",""
"1012",21,"Y Combinator","Auctomatic","400,000","angel","2007-01-01","Details","Exited"
"1013",22,"Y Combinator","Tilt","2,100,000","seed","2012-05-17","Details","Exited"
"1014",23,"Y Combinator","Panorama Education","4,000,000","seed","2013-10-21","Details",""
"1015",24,"Y Combinator","Appjet","700,000","angel","2007-08-01","Details","Exited"
"1016",25,"Y Combinator","Volantio","70,000","seed","2009-03-01","Details",""
"1017",26,"Y Combinator","Cue","700,000","seed","2010-08-31","Details","Exited"
"1018",27,"Y Combinator","Swiftype","1,700,000","seed","2013-08-15","Details",""
"1019",28,"Y Combinator","1000Memories","2,520,000","venture","2011-02-16","Details","Exited"
"1020",29,"Y Combinator","AeroFS","","seed","2010-08-20","Details",""
"1021",30,"Y Combinator","Octopart","359,999","seed","2008-05-12","Details","Exited"
"1022",31,"Y Combinator","PicnicHealth","2,000,000","seed","2015-04-02","Details",""
"1023",32,"Y Combinator","Sendwithus","2,300,000","seed","2014-09-25","Details",""
"1024",1,"Y Combinator","Quartzy","1,200,000","seed","2012-02-23","Details",NA
"1025",1,"Y Combinator","Meetings.io","1,600,000","seed","2011-07-10","Details","Exited"
"1026",2,"Y Combinator","reMail","","seed","2009-01-01","Details","Exited"
"1027",3,"Y Combinator","Pachyderm","2,000,000","seed","2015-06-10","Details",""
"1028",4,"Y Combinator","Leftronic","500,000","seed","2010-11-17","Details","Exited"
"1029",5,"Y Combinator","CardPool","","seed","2010-01-01","Details","Exited"
"1030",6,"Y Combinator","URX","3,100,000","seed","2013-09-01","Details","Exited"
"1031",7,"Y Combinator","Tagstand","1,100,000","seed","2011-10-14","Details",""
"1032",8,"Y Combinator","GOAT","1,600,000","angel","2011-05-01","Details",""
"1033",9,"Y Combinator","Taplytics","2,400,000","seed","2015-05-20","Details",""
"1034",10,"Y Combinator","Opzi","1,000,000","angel","2010-09-01","Details","Dead"
"1035",11,"Y Combinator","SocialCam","","angel","2012-04-30","Details","Exited"
"1036",12,"Y Combinator","280 North","250,000","angel","2008-03-01","Details","Exited"
"1037",13,"Imagine K12","Panorama","4,000,000","seed","2013-10-21","Details",""
"1038",14,"Y Combinator","Rapportive","1,000,000","seed","2010-08-02","Details","Exited"
"1039",15,"Y Combinator","Nowmov","","angel","2010-05-01","Details","Dead"
"1040",16,"Y Combinator","Custora","","seed","2012-01-05","Details",""
"1041",17,"Y Combinator","CarWoo","300,000","seed","2010-01-01","Details","Dead"
"1042",18,"Y Combinator","Ambition","","seed","2014-02-01","Details",""
"1043",19,"Y Combinator","Reddit","50,000,000","venture","2014-09-30","Details","Exited"
"1044",20,"Y Combinator","Parenthoods","1,320,000","seed","2014-11-06","Details",""
"1045",21,"Y Combinator","Auctomatic","400,000","angel","2007-01-01","Details","Exited"
"1046",22,"Y Combinator","Tilt","2,100,000","seed","2012-05-17","Details","Exited"
"1047",23,"Y Combinator","Panorama Education","4,000,000","seed","2013-10-21","Details",""
"1048",24,"Y Combinator","Appjet","700,000","angel","2007-08-01","Details","Exited"
"1049",25,"Y Combinator","Volantio","70,000","seed","2009-03-01","Details",""
"1050",26,"Y Combinator","Cue","700,000","seed","2010-08-31","Details","Exited"
"1051",27,"Y Combinator","Swiftype","1,700,000","seed","2013-08-15","Details",""
"1052",28,"Y Combinator","1000Memories","2,520,000","venture","2011-02-16","Details","Exited"
"1053",29,"Y Combinator","AeroFS","","seed","2010-08-20","Details",""
"1054",30,"Y Combinator","Octopart","359,999","seed","2008-05-12","Details","Exited"
"1055",31,"Y Combinator","PicnicHealth","2,000,000","seed","2015-04-02","Details",""
"1056",32,"Y Combinator","Sendwithus","2,300,000","seed","2014-09-25","Details",""
